feature,mutual_information,selected
src_bytes,0.55799,True
dst_bytes,0.436689,True
diff_srv_rate,0.358592,True
same_srv_rate,0.348854,True
dst_host_srv_count,0.330916,True
flag_SF,0.326456,True
dst_host_same_srv_rate,0.303055,True
dst_host_diff_srv_rate,0.286691,True
logged_in,0.278543,True
serror_rate,0.271835,True
count,0.268282,True
service_http,0.18984,True
dst_host_srv_diff_host_rate,0.187645,True
dst_host_count,0.137234,True
dst_host_same_src_port_rate,0.129505,True
service_private,0.115384,True
srv_diff_host_rate,0.103659,True
srv_count,0.073247,True
service_domain_u,0.048873,True
dst_host_rerror_rate,0.041515,True
rerror_rate,0.037587,True
duration,0.027184,True
service_smtp,0.026999,True
protocol_type_udp,0.025826,True
protocol_type_icmp,0.021375,True
flag_REJ,0.017793,True
service_ecr_i,0.017237,True
flag_RSTR,0.016835,True
wrong_fragment,0.011449,True
service_eco_i,0.008816,True
service_http_443,0.008641,True
service_vmnet,0.008496,True
service_pop_2,0.00722,True
service_supdup,0.007137,True
service_csnet_ns,0.006733,True
service_uucp_path,0.006601,True
service_imap4,0.006338,True
service_hostnames,0.005441,True
hot,0.005115,True
service_systat,0.005082,True
service_nntp,0.004601,False
service_ctf,0.00446,False
service_shell,0.004368,False
service_discard,0.00435,False
protocol_type_tcp,0.004288,False
service_name,0.004279,False
service_ntp_u,0.004213,False
service_iso_tsap,0.00416,False
is_guest_login,0.003957,False
service_klogin,0.0039,False
flag_SH,0.003754,False
service_sql_net,0.00368,False
service_kshell,0.003457,False
service_netbios_ssn,0.003432,False
service_gopher,0.00342,False
service_link,0.003411,False
service_whois,0.003355,False
service_IRC,0.003305,False
service_time,0.003287,False
service_urp_i,0.003229,False
service_login,0.00311,False
service_urh_i,0.00309,False
service_pop_3,0.002924,False
service_ftp_data,0.002786,False
service_remote_job,0.002733,False
service_exec,0.002658,False
flag_S3,0.002459,False
service_courier,0.002406,False
service_daytime,0.002357,False
service_Z39_50,0.00231,False
service_ldap,0.001996,False
service_pm_dump,0.001976,False
service_echo,0.001901,False
service_sunrpc,0.001807,False
flag_RSTO,0.001723,False
service_auth,0.00152,False
num_file_creations,0.001368,False
service_other,0.001243,False
service_efs,0.001175,False
service_uucp,0.000987,False
service_rje,0.000767,False
flag_OTH,0.000764,False
service_nnsp,0.000724,False
service_finger,0.000714,False
num_failed_logins,0.000709,False
num_access_files,0.000602,False
urgent,0.000567,False
service_netstat,0.000406,False
service_X11,0.0,False
land,0.0,False
num_compromised,0.0,False
service_aol,0.0,False
service_bgp,0.0,False
su_attempted,0.0,False
root_shell,0.0,False
num_shells,0.0,False
is_host_login,0.0,False
service_domain,0.0,False
service_mtp,0.0,False
service_netbios_dgm,0.0,False
service_http_8001,0.0,False
service_harvest,0.0,False
service_ftp,0.0,False
service_netbios_ns,0.0,False
service_printer,0.0,False
service_tim_i,0.0,False
service_tftp_u,0.0,False
service_telnet,0.0,False
service_ssh,0.0,False
service_red_i,0.0,False
flag_RSTOS0,0.0,False
flag_S1,0.0,False
flag_S2,0.0,False
