feature,importance
src_bytes,0.16810859555389102
dst_bytes,0.12330532018699403
flag_SF,0.0997250307822491
same_srv_rate,0.08618642663591794
dst_host_srv_count,0.06719419691501695
dst_host_same_srv_rate,0.048174913864047104
count,0.04520946576383957
dst_host_diff_srv_rate,0.04240703715530029
diff_srv_rate,0.03695487878983887
logged_in,0.034815557908823375
dst_host_same_src_port_rate,0.03183798602128787
protocol_type_icmp,0.024426642921367772
serror_rate,0.02271693257098262
dst_host_srv_diff_host_rate,0.021792745840136952
dst_host_count,0.018201839379192505
service_private,0.015691788972138337
service_ecr_i,0.015349894860861914
srv_count,0.014504593781949914
hot,0.013329008604195105
service_http,0.013207077149191154
service_eco_i,0.011210531067713074
dst_host_rerror_rate,0.009735054026846402
protocol_type_udp,0.007611096221441539
service_domain_u,0.006224187135196307
srv_diff_host_rate,0.006097597175649356
duration,0.0041637753766615455
rerror_rate,0.0033981645399045316
wrong_fragment,0.0031410365281229996
flag_RSTR,0.0021236658446821205
flag_REJ,0.0017380495480834154
service_smtp,0.0013906248190102587
service_imap4,2.14064414912229e-05
service_hostnames,2.1294926926004026e-06
service_http_443,1.2969611635296485e-06
service_systat,9.70716129413e-07
service_pop_2,4.5313756387297767e-07
service_uucp_path,1.8554121231943655e-08
service_vmnet,7.697729942998372e-09
service_csnet_ns,8.115546318137844e-10
service_supdup,2.470196184924853e-10
